First Last,First,Last,Company,Domain
John Warner,John,Warner,"O'Neill, Inc.",www.oneill.com
Brynn Capella,Brynn,Capella,"Brynn Capella, Inc.",www.brynncapella.com
David Michaels,David,Michaels,"Lexington International, Llc",www.hairmax.com
Casey Hill,Casey,Hill,"Ogee, Inc.",www.ogee.com
Paco Tormo,Paco,Tormo,Singularu,www.singularu.com
Daniel Kasidi,Daniel,Kasidi,Rastaclat,www.rastaclat.com
Kimberly Lewis,Kimberly,Lewis,Curlmix,www.curlmix.com
Tenten Wu,Tenten,Wu,Blushington Makeup & Beauty Lounge,www.blushington.com
Treasure Espinoza,Treasure,Espinoza,"LAGOS, Inc.",www.lagos.com
David Kramer,David,Kramer,Beau Ties Ltd. of Vermont,www.beautiesltd.com
Paul Buss,Paul,Buss,Original Grain Inc,www.originalgrain.com
Kazuyo Iga,Kazuyo,Iga,Rocky Mountain Soap Company,www.rockymountainsoap.com
Rapheal Peck,Rapheal,Peck,"Brixton, LLC",www.brixton.com
Andrew Jameson Langsdorf,Andrew,Langsdorf,Alamere Designs,www.alameredesigns.com
Kevin Keller,Kevin,Keller,Fulton & Roark,www.fultonandroark.com
Tim Kellogg,Tim,Kellogg,Lather Inc.,www.lather.com
Ezequiel Tarquino,Ezequiel,Tarquino,Ezekiel,www.ezekielusa.com
Audrey Mcloughin,Audrey,Mcloughin,Frank & Eileen Llc,www.frankandeileen.com
Kimberly Morales,Kimberly,Morales,"Carol Cole Company, Inc.",www.mynuface.com
Sylvia Stewart,,,Tse,www.tsecashmere.com
